{"lowest_score": 3.2645454545454555, "highest_score": 14.204468085106381, "Quantile 0.001": 3.393322017814322, "Quantile 0.01": 4.021820588235293, "Quantile 0.05": 5.029722406547225, "Quantile 0.1": 5.450993499731787, "Quantile 0.2": 5.758753071253073, "Quantile 0.5": 6.425197368421053}