{"highest_score": 9.278403614457833, "lowest_score": 2.2881060606060615, "average_score": 5.28017364279263, "Quantile 0.001": 2.503664058744992, "Quantile 0.01": 2.8590852941176466, "Quantile 0.05": 3.5679332367526606, "Quantile 0.1": 4.059642857142858, "Quantile 0.2": 4.35491904761905, "Quantile 0.5": 5.086666666666666}