{"highest_score": 13.458000000000002, "lowest_score": 4.113318965517241, "average_score": 6.3872552483561815, "Quantile 0.001": 4.120924619047622, "Quantile 0.01": 4.578887481607244, "Quantile 0.05": 5.188453468175706, "Quantile 0.1": 5.469640804597702, "Quantile 0.2": 5.8239880952380965, "Quantile 0.5": 6.344532454012253}